Customer;Plate;WellPosition;Name;Sequence;Length;Scale;MW;Ext.Coef;Volume;nmol;Concentration, ng/ul;Concentration, pmol/ul
PDTS_01_04-04-2019;Plate1;;3592aD;gtttagag;;;;;;;;
PDTS_02_04-04-2019;Plate1;;3594e;gtttcgatg;;;;;;;;
PDTS_03_04-04-2019;Plate1;;3596B;gtttgcatg;;;;;;;;
PDTS_04_04-04-2019;Plate1;;3598;gtttccagc;;;;;;;;
PDTS_04_04-04-2019;Plate1;;3600K;agcaccgtc;;;;;;;;
PDTS_05_04-04-2019;Plate1;;3602G;gttgaagc;;;;;;;;
PDTS_06_04-04-2019;Plate1;;3604E;cctagt;;;;;;;;
PDTS_07_04-04-2019;Plate1;;3606mE;gttgag;;;;;;;;
PDTS_08_04-04-2019;Plate1;;3608mC;gttac;;;;;;;;
PDTS_09_04-04-2019;Plate1;;3610a;gattctg;;;;;;;;
PDTS_10_04-04-2019;Plate1;;3612E;gtgtag;;;;;;;;
PDTS_11_04-04-2019;Plate1;;3616R1C;gttcgaa;;;;;;;;
PDTS_12_04-04-2019;Plate1;;3618G;gttttat;;;;;;;;
PDTS_13_04-04-2019;Plate1;;3622syB;atgtag;;;;;;;;
PDTS_14_04-04-2019;Plate1;;3624sG;ataact;;;;;;;;
PDTS_15_04-04-2019;Plate1;;3626A;gttgaaa;;;;;;;;
PDTS_16_04-04-2019;Plate1;;3628m;gttctaa;;;;;;;;
PDTS_17_04-04-2019;Plate1;;3630;gttgacaa;;;;;;;;
PDTS_18_04-04-2019;Plate1;;3634;gtttcaa;;;;;;;;
PDTS_19_04-04-2019;Plate1;;3636F;gttgaga;;;;;;;;
PDTS_20_04-04-2019;Plate1;;3640sK;gttcag;;;;;;;;
